externalId,firstName,lastName,fullName,team,league,position,nationality,birthYear,heightCm,weightKg,shoots,games,goals,assists,points,gaa,savePct,source,sourceUrl,lastUpdated
ep-goalie-shl-tobias-normann,Tobias,Normann,Tobias Normann,Frölunda HC,SHL,G,,,,,,24,0,0,0,1.68,0.923,EliteProspects,https://www.eliteprospects.com/league/shl/stats/2025-2026?view=goalie&tab=goalies,2026-05-13
ep-goalie-shl-strauss-mann,Strauss,Mann,Strauss Mann,Skellefteå AIK,SHL,G,,,,,,42,0,0,0,1.93,0.914,EliteProspects,https://www.eliteprospects.com/league/shl/stats/2025-2026?view=goalie&tab=goalies,2026-05-13
ep-goalie-shl-frederik-dichow,Frederik,Dichow,Frederik Dichow,HV71,SHL,G,,,,,,10,0,0,0,2.4,0.912,EliteProspects,https://www.eliteprospects.com/league/shl/stats/2025-2026?view=goalie&tab=goalies,2026-05-13
ep-goalie-shl-oskar-blomgren,Oskar,Blomgren,Oskar Blomgren,Malmö Redhawks,SHL,G,,,,,,21,0,0,0,2.5,0.911,EliteProspects,https://www.eliteprospects.com/league/shl/stats/2025-2026?view=goalie&tab=goalies,2026-05-13
ep-goalie-shl-christoffer-rifalk,Christoffer,Rifalk,Christoffer Rifalk,Rögle BK,SHL,G,,,,,,19,0,0,0,1.76,0.911,EliteProspects,https://www.eliteprospects.com/league/shl/stats/2025-2026?view=goalie&tab=goalies,2026-05-13
ep-goalie-shl-lars-johansson,Lars,Johansson,Lars Johansson,Frölunda HC,SHL,G,,,,,,28,0,0,0,2.13,0.908,EliteProspects,https://www.eliteprospects.com/league/shl/stats/2025-2026?view=goalie&tab=goalies,2026-05-13
ep-goalie-shl-adam-åhman,Adam,Åhman,Adam Åhman,Växjö Lakers HC,SHL,G,,,,,,32,0,0,0,2.18,0.907,EliteProspects,https://www.eliteprospects.com/league/shl/stats/2025-2026?view=goalie&tab=goalies,2026-05-13
ep-goalie-shl-magnus-hellberg,Magnus,Hellberg,Magnus Hellberg,Djurgårdens IF,SHL,G,,,,,,40,0,0,0,2.72,0.904,EliteProspects,https://www.eliteprospects.com/league/shl/stats/2025-2026?view=goalie&tab=goalies,2026-05-13
ep-goalie-shl-erik-källgren,Erik,Källgren,Erik Källgren,Brynäs IF,SHL,G,,,,,,15,0,0,0,2.06,0.904,EliteProspects,https://www.eliteprospects.com/league/shl/stats/2025-2026?view=goalie&tab=goalies,2026-05-13
ep-goalie-shl-marek-langhamer,Marek,Langhamer,Marek Langhamer,Malmö Redhawks,SHL,G,,,,,,28,0,0,0,2.75,0.903,EliteProspects,https://www.eliteprospects.com/league/shl/stats/2025-2026?view=goalie&tab=goalies,2026-05-13
ep-goalie-shl-melker-thelin,Melker,Thelin,Melker Thelin,Färjestad BK,SHL,G,,,,,,21,0,0,0,2.44,0.899,EliteProspects,https://www.eliteprospects.com/league/shl/stats/2025-2026?view=goalie&tab=goalies,2026-05-13
ep-goalie-shl-emil-larmi,Emil,Larmi,Emil Larmi,Färjestad BK,SHL,G,,,,,,37,0,0,0,2.27,0.899,EliteProspects,https://www.eliteprospects.com/league/shl/stats/2025-2026?view=goalie&tab=goalies,2026-05-13
ep-goalie-shl-jesper-myrenberg,Jesper,Myrenberg,Jesper Myrenberg,Linköping HC,SHL,G,,,,,,20,0,0,0,2.64,0.897,EliteProspects,https://www.eliteprospects.com/league/shl/stats/2025-2026?view=goalie&tab=goalies,2026-05-13
ep-goalie-shl-waltteri-ignatjew,Waltteri,Ignatjew,Waltteri Ignatjew,Linköping HC,SHL,G,,,,,,39,0,0,0,2.66,0.894,EliteProspects,https://www.eliteprospects.com/league/shl/stats/2025-2026?view=goalie&tab=goalies,2026-05-13
ep-goalie-shl-matteus-ward,Matteus,Ward,Matteus Ward,Luleå HF,SHL,G,,,,,,33,0,0,0,2.36,0.893,EliteProspects,https://www.eliteprospects.com/league/shl/stats/2025-2026?view=goalie&tab=goalies,2026-05-13
ep-goalie-shl-marcus-gidlöf,Marcus,Gidlöf,Marcus Gidlöf,Leksands IF,SHL,G,,,,,,26,0,0,0,2.96,0.892,EliteProspects,https://www.eliteprospects.com/league/shl/stats/2025-2026?view=goalie&tab=goalies,2026-05-13
ep-goalie-shl-arvid-holm,Arvid,Holm,Arvid Holm,Rögle BK,SHL,G,,,,,,35,0,0,0,2.33,0.892,EliteProspects,https://www.eliteprospects.com/league/shl/stats/2025-2026?view=goalie&tab=goalies,2026-05-13
ep-goalie-shl-jhonas-enroth,Jhonas,Enroth,Jhonas Enroth,Örebro HK,SHL,G,,,,,,31,0,0,0,2.65,0.891,EliteProspects,https://www.eliteprospects.com/league/shl/stats/2025-2026?view=goalie&tab=goalies,2026-05-13
ep-goalie-shl-jacob-johansson,Jacob,Johansson,Jacob Johansson,Timrå IK,SHL,G,,,,,,33,0,0,0,2.55,0.891,EliteProspects,https://www.eliteprospects.com/league/shl/stats/2025-2026?view=goalie&tab=goalies,2026-05-13
ep-goalie-shl-joel-lassinantti,Joel,Lassinantti,Joel Lassinantti,Luleå HF,SHL,G,,,,,,20,0,0,0,2.61,0.89,EliteProspects,https://www.eliteprospects.com/league/shl/stats/2025-2026?view=goalie&tab=goalies,2026-05-13
ep-goalie-shl-felix-sandström,Felix,Sandström,Felix Sandström,HV71,SHL,G,,,,,,19,0,0,0,3.07,0.888,EliteProspects,https://www.eliteprospects.com/league/shl/stats/2025-2026?view=goalie&tab=goalies,2026-05-13
ep-goalie-shl-tim-juel,Tim,Juel,Tim Juel,Timrå IK,SHL,G,,,,,,22,0,0,0,2.65,0.888,EliteProspects,https://www.eliteprospects.com/league/shl/stats/2025-2026?view=goalie&tab=goalies,2026-05-13
ep-goalie-shl-damian-clara,Damian,Clara,Damian Clara,Brynäs IF,SHL,G,,,,,,33,0,0,0,2.52,0.887,EliteProspects,https://www.eliteprospects.com/league/shl/stats/2025-2026?view=goalie&tab=goalies,2026-05-13
ep-goalie-shl-jonas-arntzen,Jonas,Arntzen,Jonas Arntzen,Örebro HK,SHL,G,,,,,,22,0,0,0,3.11,0.886,EliteProspects,https://www.eliteprospects.com/league/shl/stats/2025-2026?view=goalie&tab=goalies,2026-05-13
ep-goalie-shl-ludvig-persson,Ludvig,Persson,Ludvig Persson,Växjö Lakers HC,SHL,G,,,,,,22,0,0,0,2.71,0.881,EliteProspects,https://www.eliteprospects.com/league/shl/stats/2025-2026?view=goalie&tab=goalies,2026-05-13
ep-goalie-shl-jakob-hellsten,Jakob,Hellsten,Jakob Hellsten,Leksands IF,SHL,G,,,,,,15,0,0,0,3.1,0.877,EliteProspects,https://www.eliteprospects.com/league/shl/stats/2025-2026?view=goalie&tab=goalies,2026-05-13
ep-goalie-shl-daniel-marmenlind,Daniel,Marmenlind,Daniel Marmenlind,Multi-Team,SHL,G,,,,,,15,0,0,0,3.42,0.876,EliteProspects,https://www.eliteprospects.com/league/shl/stats/2025-2026?view=goalie&tab=goalies,2026-05-13
ep-goalie-shl-malmö-redhawks,Malmö,Redhawks,Malmö Redhawks,Malmö Redhawks,SHL,G,,,,,,6,0,0,0,4.0,0.85,EliteProspects,https://www.eliteprospects.com/league/shl/stats/2025-2026?view=goalie&tab=goalies,2026-05-13
ep-goalie-shl-djurgårdens-if,Djurgårdens,IF,Djurgårdens IF,Djurgårdens IF,SHL,G,,,,,,9,0,0,0,3.14,0.889,EliteProspects,https://www.eliteprospects.com/league/shl/stats/2025-2026?view=goalie&tab=goalies,2026-05-13
ep-goalie-shl-lassi-lehtinen,Lassi,Lehtinen,Lassi Lehtinen,HV71,SHL,G,,,,,,22,0,0,0,3.29,0.868,EliteProspects,https://www.eliteprospects.com/league/shl/stats/2025-2026?view=goalie&tab=goalies,2026-05-13
ep-goalie-shl-filip-larsson,Filip,Larsson,Filip Larsson,Leksands IF,SHL,G,,,,,,7,0,0,0,2.06,0.917,EliteProspects,https://www.eliteprospects.com/league/shl/stats/2025-2026?view=goalie&tab=goalies,2026-05-13
ep-goalie-shl-linus-söderström,Linus,Söderström,Linus Söderström,Skellefteå AIK,SHL,G,,,,,,5,0,0,0,2.38,0.907,EliteProspects,https://www.eliteprospects.com/league/shl/stats/2025-2026?view=goalie&tab=goalies,2026-05-13
ep-goalie-shl-robin-christoffersson,Robin,Christoffersson,Robin Christoffersson,Leksands IF,SHL,G,,,,,,6,0,0,0,2.81,0.892,EliteProspects,https://www.eliteprospects.com/league/shl/stats/2025-2026?view=goalie&tab=goalies,2026-05-13
ep-goalie-shl-olof-glifford,Olof,Glifford,Olof Glifford,HV71,SHL,G,,,,,,5,0,0,0,2.84,0.878,EliteProspects,https://www.eliteprospects.com/league/shl/stats/2025-2026?view=goalie&tab=goalies,2026-05-13
ep-goalie-shl-jani-lampinen,Jani,Lampinen,Jani Lampinen,Skellefteå AIK,SHL,G,,,,,,8,0,0,0,3.17,0.857,EliteProspects,https://www.eliteprospects.com/league/shl/stats/2025-2026?view=goalie&tab=goalies,2026-05-13
ep-goalie-shl-collin-delia,Collin,Delia,Collin Delia,Brynäs IF,SHL,G,,,,,,6,0,0,0,3.87,0.791,EliteProspects,https://www.eliteprospects.com/league/shl/stats/2025-2026?view=goalie&tab=goalies,2026-05-13
ep-goalie-shl-hugo-hävelid,Hugo,Hävelid,Hugo Hävelid,Djurgårdens IF,SHL,G,,,,,,5,0,0,0,5.98,0.783,EliteProspects,https://www.eliteprospects.com/league/shl/stats/2025-2026?view=goalie&tab=goalies,2026-05-13
ep-goalie-shl-måns-goos,Måns,Goos,Måns Goos,Färjestad BK,SHL,G,,,,,,1,0,0,0,12.24,0.5,EliteProspects,https://www.eliteprospects.com/league/shl/stats/2025-2026?view=goalie&tab=goalies,2026-05-13
ep-goalie-shl-hugo-laring,Hugo,Laring,Hugo Laring,Frölunda HC,SHL,G,,,,,,0,0,0,0,0.0,0.0,EliteProspects,https://www.eliteprospects.com/league/shl/stats/2025-2026?view=goalie&tab=goalies,2026-05-13
ep-goalie-shl-linus-hägerman,Linus,Hägerman,Linus Hägerman,Örebro HK,SHL,G,,,,,,0,0,0,0,0.0,0.0,EliteProspects,https://www.eliteprospects.com/league/shl/stats/2025-2026?view=goalie&tab=goalies,2026-05-13
ep-goalie-shl-viggo-tamm,Viggo,Tamm,Viggo Tamm,Leksands IF,SHL,G,,,,,,0,0,0,0,0.0,0.0,EliteProspects,https://www.eliteprospects.com/league/shl/stats/2025-2026?view=goalie&tab=goalies,2026-05-13
ep-goalie-shl-noel-massot,Noel,Massot,Noel Massot,Linköping HC,SHL,G,,,,,,0,0,0,0,0.0,0.0,EliteProspects,https://www.eliteprospects.com/league/shl/stats/2025-2026?view=goalie&tab=goalies,2026-05-13
ep-goalie-shl-gustaf-lindvall,Gustaf,Lindvall,Gustaf Lindvall,Skellefteå AIK,SHL,G,,,,,,0,0,0,0,0.0,0.0,EliteProspects,https://www.eliteprospects.com/league/shl/stats/2025-2026?view=goalie&tab=goalies,2026-05-13
ep-goalie-shl-isak-sörqvist,Isak,Sörqvist,Isak Sörqvist,Luleå HF,SHL,G,,,,,,0,0,0,0,0.0,0.0,EliteProspects,https://www.eliteprospects.com/league/shl/stats/2025-2026?view=goalie&tab=goalies,2026-05-13
ep-goalie-shl-anton-ringquist,Anton,Ringquist,Anton Ringquist,Skellefteå AIK,SHL,G,,,,,,0,0,0,0,0.0,0.0,EliteProspects,https://www.eliteprospects.com/league/shl/stats/2025-2026?view=goalie&tab=goalies,2026-05-13
ep-goalie-shl-marcus-brännman,Marcus,Brännman,Marcus Brännman,Djurgårdens IF,SHL,G,,,,,,0,0,0,0,0.0,0.0,EliteProspects,https://www.eliteprospects.com/league/shl/stats/2025-2026?view=goalie&tab=goalies,2026-05-13
ep-goalie-shl-axel-göransson,Axel,Göransson,Axel Göransson,Malmö Redhawks,SHL,G,,,,,,0,0,0,0,0.0,0.0,EliteProspects,https://www.eliteprospects.com/league/shl/stats/2025-2026?view=goalie&tab=goalies,2026-05-13
ep-goalie-shl-carl-lidö,Carl,Lidö,Carl Lidö,Timrå IK,SHL,G,,,,,,0,0,0,0,0.0,0.0,EliteProspects,https://www.eliteprospects.com/league/shl/stats/2025-2026?view=goalie&tab=goalies,2026-05-13
ep-goalie-shl-max-berglund,Max,Berglund,Max Berglund,Timrå IK,SHL,G,,,,,,0,0,0,0,0.0,0.0,EliteProspects,https://www.eliteprospects.com/league/shl/stats/2025-2026?view=goalie&tab=goalies,2026-05-13
ep-goalie-shl-hugo-severgårdh,Hugo,Severgårdh,Hugo Severgårdh,Djurgårdens IF,SHL,G,,,,,,0,0,0,0,0.0,0.0,EliteProspects,https://www.eliteprospects.com/league/shl/stats/2025-2026?view=goalie&tab=goalies,2026-05-13
ep-goalie-shl-oliver-håkanson,Oliver,Håkanson,Oliver Håkanson,Växjö Lakers HC,SHL,G,,,,,,0,0,0,0,0.0,0.0,EliteProspects,https://www.eliteprospects.com/league/shl/stats/2025-2026?view=goalie&tab=goalies,2026-05-13
ep-goalie-hockeyallsvenskan-frans-tuohimaa,Frans,Tuohimaa,Frans Tuohimaa,IF Björklöven,HockeyAllsvenskan,G,,,,,,30,0,0,0,1.84,0.926,EliteProspects,https://www.eliteprospects.com/league/hockeyallsvenskan/stats/2025-2026?view=goalie&tab=goalies,2026-05-13
ep-goalie-hockeyallsvenskan-jacob-crespin,Jacob,Crespin,Jacob Crespin,Kalmar HC,HockeyAllsvenskan,G,,,,,,37,0,0,0,1.97,0.922,EliteProspects,https://www.eliteprospects.com/league/hockeyallsvenskan/stats/2025-2026?view=goalie&tab=goalies,2026-05-13
ep-goalie-hockeyallsvenskan-olle-eriksson-ek,Olle Eriksson,Ek,Olle Eriksson Ek,IF Björklöven,HockeyAllsvenskan,G,,,,,,25,0,0,0,1.62,0.921,EliteProspects,https://www.eliteprospects.com/league/hockeyallsvenskan/stats/2025-2026?view=goalie&tab=goalies,2026-05-13
ep-goalie-hockeyallsvenskan-love-härenstam,Love,Härenstam,Love Härenstam,Södertälje SK,HockeyAllsvenskan,G,,,,,,32,0,0,0,1.81,0.92,EliteProspects,https://www.eliteprospects.com/league/hockeyallsvenskan/stats/2025-2026?view=goalie&tab=goalies,2026-05-13
ep-goalie-hockeyallsvenskan-herman-liv,Herman,Liv,Herman Liv,Almtuna IS,HockeyAllsvenskan,G,,,,,,25,0,0,0,2.35,0.916,EliteProspects,https://www.eliteprospects.com/league/hockeyallsvenskan/stats/2025-2026?view=goalie&tab=goalies,2026-05-13
ep-goalie-hockeyallsvenskan-lars-volden,Lars,Volden,Lars Volden,BIK Karlskoga,HockeyAllsvenskan,G,,,,,,22,0,0,0,1.95,0.916,EliteProspects,https://www.eliteprospects.com/league/hockeyallsvenskan/stats/2025-2026?view=goalie&tab=goalies,2026-05-13
ep-goalie-hockeyallsvenskan-carl-malmqvist,Carl,Malmqvist,Carl Malmqvist,Kalmar HC,HockeyAllsvenskan,G,,,,,,15,0,0,0,2.0,0.914,EliteProspects,https://www.eliteprospects.com/league/hockeyallsvenskan/stats/2025-2026?view=goalie&tab=goalies,2026-05-13
ep-goalie-hockeyallsvenskan-olof-lindbom,Olof,Lindbom,Olof Lindbom,BIK Karlskoga,HockeyAllsvenskan,G,,,,,,27,0,0,0,1.99,0.912,EliteProspects,https://www.eliteprospects.com/league/hockeyallsvenskan/stats/2025-2026?view=goalie&tab=goalies,2026-05-13
ep-goalie-hockeyallsvenskan-carl-lidö,Carl,Lidö,Carl Lidö,Östersunds IK,HockeyAllsvenskan,G,,,,,,40,0,0,0,2.49,0.909,EliteProspects,https://www.eliteprospects.com/league/hockeyallsvenskan/stats/2025-2026?view=goalie&tab=goalies,2026-05-13
ep-goalie-hockeyallsvenskan-marcus-hellgren-smed,Marcus,Hellgren-Smed,Marcus Hellgren-Smed,Mora IK,HockeyAllsvenskan,G,,,,,,36,0,0,0,2.58,0.908,EliteProspects,https://www.eliteprospects.com/league/hockeyallsvenskan/stats/2025-2026?view=goalie&tab=goalies,2026-05-13
ep-goalie-hockeyallsvenskan-niclas-westerholm,Niclas,Westerholm,Niclas Westerholm,Södertälje SK,HockeyAllsvenskan,G,,,,,,10,0,0,0,2.36,0.908,EliteProspects,https://www.eliteprospects.com/league/hockeyallsvenskan/stats/2025-2026?view=goalie&tab=goalies,2026-05-13
ep-goalie-hockeyallsvenskan-oliver-håkanson,Oliver,Håkanson,Oliver Håkanson,Multi-Team,HockeyAllsvenskan,G,,,,,,20,0,0,0,2.65,0.907,EliteProspects,https://www.eliteprospects.com/league/hockeyallsvenskan/stats/2025-2026?view=goalie&tab=goalies,2026-05-13
ep-goalie-hockeyallsvenskan-södertälje-sk,Södertälje,SK,Södertälje SK,Södertälje SK,HockeyAllsvenskan,G,,,,,,11,0,0,0,3.35,0.874,EliteProspects,https://www.eliteprospects.com/league/hockeyallsvenskan/stats/2025-2026?view=goalie&tab=goalies,2026-05-13
ep-goalie-hockeyallsvenskan-västerås-ik,Västerås,IK,Västerås IK,Västerås IK,HockeyAllsvenskan,G,,,,,,9,0,0,0,1.85,0.94,EliteProspects,https://www.eliteprospects.com/league/hockeyallsvenskan/stats/2025-2026?view=goalie&tab=goalies,2026-05-13
ep-goalie-hockeyallsvenskan-robin-christoffersson,Robin,Christoffersson,Robin Christoffersson,Vimmerby HC,HockeyAllsvenskan,G,,,,,,16,0,0,0,2.57,0.907,EliteProspects,https://www.eliteprospects.com/league/hockeyallsvenskan/stats/2025-2026?view=goalie&tab=goalies,2026-05-13
ep-goalie-hockeyallsvenskan-tobias-johansen-breivold,Tobias Johansen,Breivold,Tobias Johansen Breivold,Mora IK,HockeyAllsvenskan,G,,,,,,20,0,0,0,2.55,0.907,EliteProspects,https://www.eliteprospects.com/league/hockeyallsvenskan/stats/2025-2026?view=goalie&tab=goalies,2026-05-13
ep-goalie-hockeyallsvenskan-pontus-eltonius,Pontus,Eltonius,Pontus Eltonius,Vimmerby HC,HockeyAllsvenskan,G,,,,,,36,0,0,0,2.43,0.907,EliteProspects,https://www.eliteprospects.com/league/hockeyallsvenskan/stats/2025-2026?view=goalie&tab=goalies,2026-05-13
ep-goalie-hockeyallsvenskan-olof-glifford,Olof,Glifford,Olof Glifford,IK Oskarshamn,HockeyAllsvenskan,G,,,,,,29,0,0,0,2.46,0.904,EliteProspects,https://www.eliteprospects.com/league/hockeyallsvenskan/stats/2025-2026?view=goalie&tab=goalies,2026-05-13
ep-goalie-hockeyallsvenskan-adam-werner,Adam,Werner,Adam Werner,MoDo Hockey,HockeyAllsvenskan,G,,,,,,38,0,0,0,2.24,0.904,EliteProspects,https://www.eliteprospects.com/league/hockeyallsvenskan/stats/2025-2026?view=goalie&tab=goalies,2026-05-13
ep-goalie-hockeyallsvenskan-victor-brattström,Victor,Brattström,Victor Brattström,AIK,HockeyAllsvenskan,G,,,,,,30,0,0,0,2.59,0.903,EliteProspects,https://www.eliteprospects.com/league/hockeyallsvenskan/stats/2025-2026?view=goalie&tab=goalies,2026-05-13
ep-goalie-hockeyallsvenskan-emil-vuorio,Emil,Vuorio,Emil Vuorio,IK Oskarshamn,HockeyAllsvenskan,G,,,,,,25,0,0,0,2.67,0.901,EliteProspects,https://www.eliteprospects.com/league/hockeyallsvenskan/stats/2025-2026?view=goalie&tab=goalies,2026-05-13
ep-goalie-hockeyallsvenskan-hugo-hävelid,Hugo,Hävelid,Hugo Hävelid,Nybro Vikings IF,HockeyAllsvenskan,G,,,,,,24,0,0,0,2.74,0.9,EliteProspects,https://www.eliteprospects.com/league/hockeyallsvenskan/stats/2025-2026?view=goalie&tab=goalies,2026-05-13
ep-goalie-hockeyallsvenskan-rasmus-korhonen,Rasmus,Korhonen,Rasmus Korhonen,Västerås IK,HockeyAllsvenskan,G,,,,,,35,0,0,0,2.97,0.899,EliteProspects,https://www.eliteprospects.com/league/hockeyallsvenskan/stats/2025-2026?view=goalie&tab=goalies,2026-05-13
ep-goalie-hockeyallsvenskan-alexander-hellnemo,Alexander,Hellnemo,Alexander Hellnemo,Nybro Vikings IF,HockeyAllsvenskan,G,,,,,,18,0,0,0,2.96,0.893,EliteProspects,https://www.eliteprospects.com/league/hockeyallsvenskan/stats/2025-2026?view=goalie&tab=goalies,2026-05-13
ep-goalie-hockeyallsvenskan-viktor-andrén,Viktor,Andrén,Viktor Andrén,Almtuna IS,HockeyAllsvenskan,G,,,,,,28,0,0,0,3.12,0.892,EliteProspects,https://www.eliteprospects.com/league/hockeyallsvenskan/stats/2025-2026?view=goalie&tab=goalies,2026-05-13
ep-goalie-hockeyallsvenskan-benedikt-oschgan,Benedikt,Oschgan,Benedikt Oschgan,Västerås IK,HockeyAllsvenskan,G,,,,,,13,0,0,0,3.03,0.892,EliteProspects,https://www.eliteprospects.com/league/hockeyallsvenskan/stats/2025-2026?view=goalie&tab=goalies,2026-05-13
ep-goalie-hockeyallsvenskan-jonathan-stålberg,Jonathan,Stålberg,Jonathan Stålberg,IF Troja-Ljungby,HockeyAllsvenskan,G,,,,,,37,0,0,0,3.39,0.889,EliteProspects,https://www.eliteprospects.com/league/hockeyallsvenskan/stats/2025-2026?view=goalie&tab=goalies,2026-05-13
ep-goalie-hockeyallsvenskan-daniel-rosengren,Daniel,Rosengren,Daniel Rosengren,Östersunds IK,HockeyAllsvenskan,G,,,,,,14,0,0,0,3.09,0.882,EliteProspects,https://www.eliteprospects.com/league/hockeyallsvenskan/stats/2025-2026?view=goalie&tab=goalies,2026-05-13
ep-goalie-hockeyallsvenskan-jonas-gunnarsson,Jonas,Gunnarsson,Jonas Gunnarsson,AIK,HockeyAllsvenskan,G,,,,,,21,0,0,0,3.28,0.881,EliteProspects,https://www.eliteprospects.com/league/hockeyallsvenskan/stats/2025-2026?view=goalie&tab=goalies,2026-05-13
ep-goalie-hockeyallsvenskan-vilgot-holm,Vilgot,Holm,Vilgot Holm,IF Troja-Ljungby,HockeyAllsvenskan,G,,,,,,20,0,0,0,3.21,0.875,EliteProspects,https://www.eliteprospects.com/league/hockeyallsvenskan/stats/2025-2026?view=goalie&tab=goalies,2026-05-13
ep-goalie-hockeyallsvenskan-edvin-olofsson,Edvin,Olofsson,Edvin Olofsson,MoDo Hockey,HockeyAllsvenskan,G,,,,,,11,0,0,0,3.04,0.874,EliteProspects,https://www.eliteprospects.com/league/hockeyallsvenskan/stats/2025-2026?view=goalie&tab=goalies,2026-05-13
ep-goalie-hockeyallsvenskan-fabian-arwidson,Fabian,Arwidson,Fabian Arwidson,Nybro Vikings IF,HockeyAllsvenskan,G,,,,,,1,0,0,0,1.01,0.947,EliteProspects,https://www.eliteprospects.com/league/hockeyallsvenskan/stats/2025-2026?view=goalie&tab=goalies,2026-05-13
ep-goalie-hockeyallsvenskan-anthony-nyberg,Anthony,Nyberg,Anthony Nyberg,BIK Karlskoga,HockeyAllsvenskan,G,,,,,,1,0,0,0,0.97,0.944,EliteProspects,https://www.eliteprospects.com/league/hockeyallsvenskan/stats/2025-2026?view=goalie&tab=goalies,2026-05-13
ep-goalie-hockeyallsvenskan-collin-delia,Collin,Delia,Collin Delia,Kalmar HC,HockeyAllsvenskan,G,,,,,,2,0,0,0,1.5,0.932,EliteProspects,https://www.eliteprospects.com/league/hockeyallsvenskan/stats/2025-2026?view=goalie&tab=goalies,2026-05-13
ep-goalie-hockeyallsvenskan-axel-nyman,Axel,Nyman,Axel Nyman,Almtuna IS,HockeyAllsvenskan,G,,,,,,2,0,0,0,2.43,0.93,EliteProspects,https://www.eliteprospects.com/league/hockeyallsvenskan/stats/2025-2026?view=goalie&tab=goalies,2026-05-13
ep-goalie-hockeyallsvenskan-tex-williamsson,Tex,Williamsson,Tex Williamsson,Nybro Vikings IF,HockeyAllsvenskan,G,,,,,,5,0,0,0,1.77,0.93,EliteProspects,https://www.eliteprospects.com/league/hockeyallsvenskan/stats/2025-2026?view=goalie&tab=goalies,2026-05-13
ep-goalie-hockeyallsvenskan-jakob-hellsten,Jakob,Hellsten,Jakob Hellsten,MoDo Hockey,HockeyAllsvenskan,G,,,,,,4,0,0,0,2.05,0.926,EliteProspects,https://www.eliteprospects.com/league/hockeyallsvenskan/stats/2025-2026?view=goalie&tab=goalies,2026-05-13
ep-goalie-hockeyallsvenskan-måns-goos,Måns,Goos,Måns Goos,BIK Karlskoga,HockeyAllsvenskan,G,,,,,,4,0,0,0,2.26,0.917,EliteProspects,https://www.eliteprospects.com/league/hockeyallsvenskan/stats/2025-2026?view=goalie&tab=goalies,2026-05-13
ep-goalie-hockeyallsvenskan-leon-contreras,Leon,Contreras,Leon Contreras,AIK,HockeyAllsvenskan,G,,,,,,2,0,0,0,2.53,0.896,EliteProspects,https://www.eliteprospects.com/league/hockeyallsvenskan/stats/2025-2026?view=goalie&tab=goalies,2026-05-13
ep-goalie-hockeyallsvenskan-simon-carlsson,Simon,Carlsson,Simon Carlsson,AIK,HockeyAllsvenskan,G,,,,,,4,0,0,0,2.9,0.88,EliteProspects,https://www.eliteprospects.com/league/hockeyallsvenskan/stats/2025-2026?view=goalie&tab=goalies,2026-05-13
ep-goalie-hockeyallsvenskan-trym-gran,Trym,Gran,Trym Gran,BIK Karlskoga,HockeyAllsvenskan,G,,,,,,1,0,0,0,2.77,0.87,EliteProspects,https://www.eliteprospects.com/league/hockeyallsvenskan/stats/2025-2026?view=goalie&tab=goalies,2026-05-13
ep-goalie-hockeyallsvenskan-oskar-blomgren,Oskar,Blomgren,Oskar Blomgren,Nybro Vikings IF,HockeyAllsvenskan,G,,,,,,7,0,0,0,4.05,0.865,EliteProspects,https://www.eliteprospects.com/league/hockeyallsvenskan/stats/2025-2026?view=goalie&tab=goalies,2026-05-13
ep-goalie-hockeyallsvenskan-jani-lampinen,Jani,Lampinen,Jani Lampinen,MoDo Hockey,HockeyAllsvenskan,G,,,,,,1,0,0,0,3.0,0.857,EliteProspects,https://www.eliteprospects.com/league/hockeyallsvenskan/stats/2025-2026?view=goalie&tab=goalies,2026-05-13
ep-goalie-hockeyallsvenskan-hugo-laring,Hugo,Laring,Hugo Laring,Vimmerby HC,HockeyAllsvenskan,G,,,,,,2,0,0,0,4.52,0.845,EliteProspects,https://www.eliteprospects.com/league/hockeyallsvenskan/stats/2025-2026?view=goalie&tab=goalies,2026-05-13
ep-goalie-hockeyallsvenskan-oscar-fröberg,Oscar,Fröberg,Oscar Fröberg,IF Troja-Ljungby,HockeyAllsvenskan,G,,,,,,1,0,0,0,3.92,0.84,EliteProspects,https://www.eliteprospects.com/league/hockeyallsvenskan/stats/2025-2026?view=goalie&tab=goalies,2026-05-13
ep-goalie-hockeyallsvenskan-william-kias,William,Kias,William Kias,BIK Karlskoga,HockeyAllsvenskan,G,,,,,,1,0,0,0,4.0,0.826,EliteProspects,https://www.eliteprospects.com/league/hockeyallsvenskan/stats/2025-2026?view=goalie&tab=goalies,2026-05-13
ep-goalie-hockeyallsvenskan-claes-endre,Claes,Endre,Claes Endre,Vimmerby HC,HockeyAllsvenskan,G,,,,,,1,0,0,0,8.0,0.765,EliteProspects,https://www.eliteprospects.com/league/hockeyallsvenskan/stats/2025-2026?view=goalie&tab=goalies,2026-05-13
ep-goalie-hockeyallsvenskan-melker-björk,Melker,Björk,Melker Björk,IF Troja-Ljungby,HockeyAllsvenskan,G,,,,,,1,0,0,0,0.0,0.0,EliteProspects,https://www.eliteprospects.com/league/hockeyallsvenskan/stats/2025-2026?view=goalie&tab=goalies,2026-05-13
ep-goalie-hockeyallsvenskan-hubert-forsberg-zetterström,Hubert Forsberg,Zetterström,Hubert Forsberg Zetterström,IK Oskarshamn,HockeyAllsvenskan,G,,,,,,0,0,0,0,0.0,0.0,EliteProspects,https://www.eliteprospects.com/league/hockeyallsvenskan/stats/2025-2026?view=goalie&tab=goalies,2026-05-13
ep-goalie-hockeyallsvenskan-ebbe-lundberg,Ebbe,Lundberg,Ebbe Lundberg,MoDo Hockey,HockeyAllsvenskan,G,,,,,,0,0,0,0,0.0,0.0,EliteProspects,https://www.eliteprospects.com/league/hockeyallsvenskan/stats/2025-2026?view=goalie&tab=goalies,2026-05-13
ep-goalie-hockeyallsvenskan-pontus-yttergård,Pontus,Yttergård,Pontus Yttergård,Östersunds IK,HockeyAllsvenskan,G,,,,,,0,0,0,0,0.0,0.0,EliteProspects,https://www.eliteprospects.com/league/hockeyallsvenskan/stats/2025-2026?view=goalie&tab=goalies,2026-05-13
ep-goalie-hockeyallsvenskan-gustav-fägerholt,Gustav,Fägerholt,Gustav Fägerholt,IF Björklöven,HockeyAllsvenskan,G,,,,,,0,0,0,0,0.0,0.0,EliteProspects,https://www.eliteprospects.com/league/hockeyallsvenskan/stats/2025-2026?view=goalie&tab=goalies,2026-05-13
ep-goalie-hockeyallsvenskan-alvar-frölander,Alvar,Frölander,Alvar Frölander,Västerås IK,HockeyAllsvenskan,G,,,,,,0,0,0,0,0.0,0.0,EliteProspects,https://www.eliteprospects.com/league/hockeyallsvenskan/stats/2025-2026?view=goalie&tab=goalies,2026-05-13
ep-goalie-hockeyallsvenskan-noah-rahm,Noah,Rahm,Noah Rahm,Västerås IK,HockeyAllsvenskan,G,,,,,,0,0,0,0,0.0,0.0,EliteProspects,https://www.eliteprospects.com/league/hockeyallsvenskan/stats/2025-2026?view=goalie&tab=goalies,2026-05-13
ep-goalie-hockeyallsvenskan-sebastian-andersson,Sebastian,Andersson,Sebastian Andersson,Multi-Team,HockeyAllsvenskan,G,,,,,,0,0,0,0,0.0,0.0,EliteProspects,https://www.eliteprospects.com/league/hockeyallsvenskan/stats/2025-2026?view=goalie&tab=goalies,2026-05-13
ep-goalie-hockeyallsvenskan-modo-hockey,MoDo,Hockey,MoDo Hockey,MoDo Hockey,HockeyAllsvenskan,G,,,,,,0,0,0,0,0.0,0.0,EliteProspects,https://www.eliteprospects.com/league/hockeyallsvenskan/stats/2025-2026?view=goalie&tab=goalies,2026-05-13
ep-goalie-hockeyallsvenskan-if-björklöven,IF,Björklöven,IF Björklöven,IF Björklöven,HockeyAllsvenskan,G,,,,,,0,0,0,0,0.0,0.0,EliteProspects,https://www.eliteprospects.com/league/hockeyallsvenskan/stats/2025-2026?view=goalie&tab=goalies,2026-05-13
ep-goalie-hockeyallsvenskan-ian-blomquist,Ian,Blomquist,Ian Blomquist,Västerås IK,HockeyAllsvenskan,G,,,,,,0,0,0,0,0.0,0.0,EliteProspects,https://www.eliteprospects.com/league/hockeyallsvenskan/stats/2025-2026?view=goalie&tab=goalies,2026-05-13
ep-goalie-hockeyallsvenskan-casper-jacobsson,Casper,Jacobsson,Casper Jacobsson,BIK Karlskoga,HockeyAllsvenskan,G,,,,,,0,0,0,0,0.0,0.0,EliteProspects,https://www.eliteprospects.com/league/hockeyallsvenskan/stats/2025-2026?view=goalie&tab=goalies,2026-05-13
ep-goalie-hockeyallsvenskan-sven-bergsten,Sven,Bergsten,Sven Bergsten,Östersunds IK,HockeyAllsvenskan,G,,,,,,0,0,0,0,0.0,0.0,EliteProspects,https://www.eliteprospects.com/league/hockeyallsvenskan/stats/2025-2026?view=goalie&tab=goalies,2026-05-13
ep-goalie-hockeyallsvenskan-simon-folkesson,Simon,Folkesson,Simon Folkesson,IK Oskarshamn,HockeyAllsvenskan,G,,,,,,0,0,0,0,0.0,0.0,EliteProspects,https://www.eliteprospects.com/league/hockeyallsvenskan/stats/2025-2026?view=goalie&tab=goalies,2026-05-13
ep-goalie-hockeyallsvenskan-leo-matthiesen,Leo,Matthiesen,Leo Matthiesen,Nybro Vikings IF,HockeyAllsvenskan,G,,,,,,0,0,0,0,0.0,0.0,EliteProspects,https://www.eliteprospects.com/league/hockeyallsvenskan/stats/2025-2026?view=goalie&tab=goalies,2026-05-13
ep-goalie-hockeyallsvenskan-frode-wadströmer,Frode,Wadströmer,Frode Wadströmer,AIK,HockeyAllsvenskan,G,,,,,,0,0,0,0,0.0,0.0,EliteProspects,https://www.eliteprospects.com/league/hockeyallsvenskan/stats/2025-2026?view=goalie&tab=goalies,2026-05-13
ep-goalie-hockeyallsvenskan-eric-forsberg,Eric,Forsberg,Eric Forsberg,BIK Karlskoga,HockeyAllsvenskan,G,,,,,,0,0,0,0,0.0,0.0,EliteProspects,https://www.eliteprospects.com/league/hockeyallsvenskan/stats/2025-2026?view=goalie&tab=goalies,2026-05-13
ep-goalie-hockeyallsvenskan-anton-danell,Anton,Danell,Anton Danell,BIK Karlskoga,HockeyAllsvenskan,G,,,,,,0,0,0,0,0.0,0.0,EliteProspects,https://www.eliteprospects.com/league/hockeyallsvenskan/stats/2025-2026?view=goalie&tab=goalies,2026-05-13
ep-goalie-hockeyallsvenskan-oliver-eriksson,Oliver,Eriksson,Oliver Eriksson,Södertälje SK,HockeyAllsvenskan,G,,,,,,0,0,0,0,0.0,0.0,EliteProspects,https://www.eliteprospects.com/league/hockeyallsvenskan/stats/2025-2026?view=goalie&tab=goalies,2026-05-13
ep-goalie-hockeyallsvenskan-markus-nykvist-sandrud,Markus Nykvist,Sandrud,Markus Nykvist Sandrud,Vimmerby HC,HockeyAllsvenskan,G,,,,,,0,0,0,0,0.0,0.0,EliteProspects,https://www.eliteprospects.com/league/hockeyallsvenskan/stats/2025-2026?view=goalie&tab=goalies,2026-05-13
ep-goalie-hockeyallsvenskan-marcus-nygren,Marcus,Nygren,Marcus Nygren,Mora IK,HockeyAllsvenskan,G,,,,,,0,0,0,0,0.0,0.0,EliteProspects,https://www.eliteprospects.com/league/hockeyallsvenskan/stats/2025-2026?view=goalie&tab=goalies,2026-05-13
ep-goalie-hockeyallsvenskan-lucas-åkezon,Lucas,Åkezon,Lucas Åkezon,Almtuna IS,HockeyAllsvenskan,G,,,,,,0,0,0,0,0.0,0.0,EliteProspects,https://www.eliteprospects.com/league/hockeyallsvenskan/stats/2025-2026?view=goalie&tab=goalies,2026-05-13
ep-goalie-hockeyallsvenskan-gunnar-leijon,Gunnar,Leijon,Gunnar Leijon,BIK Karlskoga,HockeyAllsvenskan,G,,,,,,0,0,0,0,0.0,0.0,EliteProspects,https://www.eliteprospects.com/league/hockeyallsvenskan/stats/2025-2026?view=goalie&tab=goalies,2026-05-13
ep-goalie-hockeyallsvenskan-john-jägergård,John,Jägergård,John Jägergård,Almtuna IS,HockeyAllsvenskan,G,,,,,,0,0,0,0,0.0,0.0,EliteProspects,https://www.eliteprospects.com/league/hockeyallsvenskan/stats/2025-2026?view=goalie&tab=goalies,2026-05-13
ep-goalie-hockeyallsvenskan-emil-ranehamn,Emil,Ranehamn,Emil Ranehamn,Mora IK,HockeyAllsvenskan,G,,,,,,0,0,0,0,0.0,0.0,EliteProspects,https://www.eliteprospects.com/league/hockeyallsvenskan/stats/2025-2026?view=goalie&tab=goalies,2026-05-13
ep-goalie-hockeyallsvenskan-melwin-asp-cassåsen,Melwin Asp,Cassåsen,Melwin Asp Cassåsen,IF Björklöven,HockeyAllsvenskan,G,,,,,,0,0,0,0,0.0,0.0,EliteProspects,https://www.eliteprospects.com/league/hockeyallsvenskan/stats/2025-2026?view=goalie&tab=goalies,2026-05-13
ep-goalie-hockeyallsvenskan-regnars-capars,Regnars,Capars,Regnars Capars,Mora IK,HockeyAllsvenskan,G,,,,,,0,0,0,0,0.0,0.0,EliteProspects,https://www.eliteprospects.com/league/hockeyallsvenskan/stats/2025-2026?view=goalie&tab=goalies,2026-05-13
ep-goalie-hockeyallsvenskan-simon-westling,Simon,Westling,Simon Westling,Östersunds IK,HockeyAllsvenskan,G,,,,,,0,0,0,0,0.0,0.0,EliteProspects,https://www.eliteprospects.com/league/hockeyallsvenskan/stats/2025-2026?view=goalie&tab=goalies,2026-05-13
ep-goalie-echl-brad-arvanitis,Brad,Arvanitis,Brad Arvanitis,Maine Mariners,ECHL,G,,,,,,38,0,0,0,2.17,0.929,EliteProspects,https://www.eliteprospects.com/league/echl/stats/2025-2026?view=goalie&tab=goalies,2026-05-13
ep-goalie-echl-taylor-gauthier,Taylor,Gauthier,Taylor Gauthier,Wheeling Nailers,ECHL,G,,,,,,36,0,0,0,2.09,0.929,EliteProspects,https://www.eliteprospects.com/league/echl/stats/2025-2026?view=goalie&tab=goalies,2026-05-13
ep-goalie-echl-matt-davis,Matt,Davis,Matt Davis,Wichita Thunder,ECHL,G,,,,,,24,0,0,0,2.56,0.928,EliteProspects,https://www.eliteprospects.com/league/echl/stats/2025-2026?view=goalie&tab=goalies,2026-05-13
ep-goalie-echl-jack-lafontaine,Jack,LaFontaine,Jack LaFontaine,Kansas City Mavericks,ECHL,G,,,,,,29,0,0,0,1.97,0.928,EliteProspects,https://www.eliteprospects.com/league/echl/stats/2025-2026?view=goalie&tab=goalies,2026-05-13
ep-goalie-echl-arno-tiefensee,Arno,Tiefensee,Arno Tiefensee,Idaho Steelheads,ECHL,G,,,,,,11,0,0,0,2.32,0.926,EliteProspects,https://www.eliteprospects.com/league/echl/stats/2025-2026?view=goalie&tab=goalies,2026-05-13
ep-goalie-echl-jackson-parsons,Jackson,Parsons,Jackson Parsons,Allen Americans,ECHL,G,,,,,,22,0,0,0,2.41,0.923,EliteProspects,https://www.eliteprospects.com/league/echl/stats/2025-2026?view=goalie&tab=goalies,2026-05-13
ep-goalie-echl-cam-johnson,Cam,Johnson,Cam Johnson,Florida Everblades,ECHL,G,,,,,,49,0,0,0,1.84,0.923,EliteProspects,https://www.eliteprospects.com/league/echl/stats/2025-2026?view=goalie&tab=goalies,2026-05-13
ep-goalie-echl-arsenii-sergeev,Arsenii,Sergeev,Arsenii Sergeev,Rapid City Rush,ECHL,G,,,,,,12,0,0,0,2.94,0.922,EliteProspects,https://www.eliteprospects.com/league/echl/stats/2025-2026?view=goalie&tab=goalies,2026-05-13
ep-goalie-echl-cameron-whitehead,Cameron,Whitehead,Cameron Whitehead,Tahoe Knight Monsters,ECHL,G,,,,,,24,0,0,0,3.01,0.921,EliteProspects,https://www.eliteprospects.com/league/echl/stats/2025-2026?view=goalie&tab=goalies,2026-05-13
ep-goalie-echl-ethan-haider,Ethan,Haider,Ethan Haider,Atlanta Gladiators,ECHL,G,,,,,,38,0,0,0,2.48,0.92,EliteProspects,https://www.eliteprospects.com/league/echl/stats/2025-2026?view=goalie&tab=goalies,2026-05-13
ep-goalie-echl-connor-ungar,Connor,Ungar,Connor Ungar,Multi-Team,ECHL,G,,,,,,25,0,0,0,2.33,0.92,EliteProspects,https://www.eliteprospects.com/league/echl/stats/2025-2026?view=goalie&tab=goalies,2026-05-13
ep-goalie-echl-greensboro-gargoyles,Greensboro,Gargoyles,Greensboro Gargoyles,Greensboro Gargoyles,ECHL,G,,,,,,4,0,0,0,1.42,0.945,EliteProspects,https://www.eliteprospects.com/league/echl/stats/2025-2026?view=goalie&tab=goalies,2026-05-13
ep-goalie-echl-fort-wayne-komets,Fort Wayne,Komets,Fort Wayne Komets,Fort Wayne Komets,ECHL,G,,,,,,2,0,0,0,1.44,0.944,EliteProspects,https://www.eliteprospects.com/league/echl/stats/2025-2026?view=goalie&tab=goalies,2026-05-13
ep-goalie-echl-orlando-solar-bears,Orlando Solar,Bears,Orlando Solar Bears,Orlando Solar Bears,ECHL,G,,,,,,19,0,0,0,2.66,0.913,EliteProspects,https://www.eliteprospects.com/league/echl/stats/2025-2026?view=goalie&tab=goalies,2026-05-13
ep-goalie-echl-jake-barczewski,Jake,Barczewski,Jake Barczewski,Multi-Team,ECHL,G,,,,,,25,0,0,0,2.54,0.919,EliteProspects,https://www.eliteprospects.com/league/echl/stats/2025-2026?view=goalie&tab=goalies,2026-05-13
ep-goalie-echl-bloomington-bison,Bloomington,Bison,Bloomington Bison,Bloomington Bison,ECHL,G,,,,,,1,0,0,0,5.12,0.848,EliteProspects,https://www.eliteprospects.com/league/echl/stats/2025-2026?view=goalie&tab=goalies,2026-05-13
ep-goalie-echl-idaho-steelheads,Idaho,Steelheads,Idaho Steelheads,Idaho Steelheads,ECHL,G,,,,,,24,0,0,0,2.43,0.922,EliteProspects,https://www.eliteprospects.com/league/echl/stats/2025-2026?view=goalie&tab=goalies,2026-05-13
ep-goalie-echl-seth-eisele,Seth,Eisele,Seth Eisele,South Carolina Stingrays,ECHL,G,,,,,,29,0,0,0,2.37,0.919,EliteProspects,https://www.eliteprospects.com/league/echl/stats/2025-2026?view=goalie&tab=goalies,2026-05-13
ep-goalie-echl-matt-jurusik,Matt,Jurusik,Matt Jurusik,Toledo Walleye,ECHL,G,,,,,,16,0,0,0,2.27,0.918,EliteProspects,https://www.eliteprospects.com/league/echl/stats/2025-2026?view=goalie&tab=goalies,2026-05-13
ep-goalie-echl-marco-costantini,Marco,Costantini,Marco Costantini,Allen Americans,ECHL,G,,,,,,33,0,0,0,2.83,0.917,EliteProspects,https://www.eliteprospects.com/league/echl/stats/2025-2026?view=goalie&tab=goalies,2026-05-13
ep-goalie-echl-dryden-mckay,Dryden,McKay,Dryden McKay,Multi-Team,ECHL,G,,,,,,45,0,0,0,2.55,0.917,EliteProspects,https://www.eliteprospects.com/league/echl/stats/2025-2026?view=goalie&tab=goalies,2026-05-13
ep-goalie-echl-utah-grizzlies,Utah,Grizzlies,Utah Grizzlies,Utah Grizzlies,ECHL,G,,,,,,4,0,0,0,2.8,0.905,EliteProspects,https://www.eliteprospects.com/league/echl/stats/2025-2026?view=goalie&tab=goalies,2026-05-13
ep-goalie-echl-bloomington-bison,Bloomington,Bison,Bloomington Bison,Bloomington Bison,ECHL,G,,,,,,41,0,0,0,2.52,0.918,EliteProspects,https://www.eliteprospects.com/league/echl/stats/2025-2026?view=goalie&tab=goalies,2026-05-13
ep-goalie-echl-kyle-keyser,Kyle,Keyser,Kyle Keyser,Utah Grizzlies,ECHL,G,,,,,,12,0,0,0,2.43,0.917,EliteProspects,https://www.eliteprospects.com/league/echl/stats/2025-2026?view=goalie&tab=goalies,2026-05-13
ep-goalie-echl-hunter-jones,Hunter,Jones,Hunter Jones,Trois-Rivières Lions,ECHL,G,,,,,,30,0,0,0,2.36,0.917,EliteProspects,https://www.eliteprospects.com/league/echl/stats/2025-2026?view=goalie&tab=goalies,2026-05-13
ep-goalie-echl-luke-cavallin,Luke,Cavallin,Luke Cavallin,Maine Mariners,ECHL,G,,,,,,34,0,0,0,2.35,0.917,EliteProspects,https://www.eliteprospects.com/league/echl/stats/2025-2026?view=goalie&tab=goalies,2026-05-13
ep-goalie-echl-mitch-gibson,Mitch,Gibson,Mitch Gibson,South Carolina Stingrays,ECHL,G,,,,,,13,0,0,0,2.32,0.917,EliteProspects,https://www.eliteprospects.com/league/echl/stats/2025-2026?view=goalie&tab=goalies,2026-05-13
ep-goalie-echl-t.j.-semptimphelter,T.J.,Semptimphelter,T.J. Semptimphelter,Atlanta Gladiators,ECHL,G,,,,,,35,0,0,0,2.28,0.917,EliteProspects,https://www.eliteprospects.com/league/echl/stats/2025-2026?view=goalie&tab=goalies,2026-05-13
ep-goalie-echl-parker-gahagen,Parker,Gahagen,Parker Gahagen,Worcester Railers,ECHL,G,,,,,,37,0,0,0,2.47,0.916,EliteProspects,https://www.eliteprospects.com/league/echl/stats/2025-2026?view=goalie&tab=goalies,2026-05-13
ep-goalie-echl-will-cranley,Will,Cranley,Will Cranley,Florida Everblades,ECHL,G,,,,,,18,0,0,0,2.17,0.915,EliteProspects,https://www.eliteprospects.com/league/echl/stats/2025-2026?view=goalie&tab=goalies,2026-05-13
ep-goalie-echl-connor-murphy,Connor,Murphy,Connor Murphy,Rapid City Rush,ECHL,G,,,,,,39,0,0,0,3.29,0.914,EliteProspects,https://www.eliteprospects.com/league/echl/stats/2025-2026?view=goalie&tab=goalies,2026-05-13
ep-goalie-echl-vinnie-purpura,Vinnie,Purpura,Vinnie Purpura,Multi-Team,ECHL,G,,,,,,39,0,0,0,2.64,0.914,EliteProspects,https://www.eliteprospects.com/league/echl/stats/2025-2026?view=goalie&tab=goalies,2026-05-13
ep-goalie-echl-reading-royals,Reading,Royals,Reading Royals,Reading Royals,ECHL,G,,,,,,3,0,0,0,0.99,0.967,EliteProspects,https://www.eliteprospects.com/league/echl/stats/2025-2026?view=goalie&tab=goalies,2026-05-13
ep-goalie-echl-savannah-ghost-pirates,Savannah Ghost,Pirates,Savannah Ghost Pirates,Savannah Ghost Pirates,ECHL,G,,,,,,36,0,0,0,2.79,0.91,EliteProspects,https://www.eliteprospects.com/league/echl/stats/2025-2026?view=goalie&tab=goalies,2026-05-13
ep-goalie-echl-scott-ratzlaff,Scott,Ratzlaff,Scott Ratzlaff,Jacksonville Icemen,ECHL,G,,,,,,15,0,0,0,3.1,0.913,EliteProspects,https://www.eliteprospects.com/league/echl/stats/2025-2026?view=goalie&tab=goalies,2026-05-13
ep-goalie-echl-logan-terness,Logan,Terness,Logan Terness,Kansas City Mavericks,ECHL,G,,,,,,24,0,0,0,2.26,0.913,EliteProspects,https://www.eliteprospects.com/league/echl/stats/2025-2026?view=goalie&tab=goalies,2026-05-13
ep-goalie-echl-keith-petruzzelli,Keith,Petruzzelli,Keith Petruzzelli,Reading Royals,ECHL,G,,,,,,39,0,0,0,2.59,0.912,EliteProspects,https://www.eliteprospects.com/league/echl/stats/2025-2026?view=goalie&tab=goalies,2026-05-13
ep-goalie-echl-mattias-sholl,Mattias,Sholl,Mattias Sholl,Greenville Swamp Rabbits,ECHL,G,,,,,,22,0,0,0,2.77,0.911,EliteProspects,https://www.eliteprospects.com/league/echl/stats/2025-2026?view=goalie&tab=goalies,2026-05-13
ep-goalie-echl-yaniv-perets,Yaniv,Perets,Yaniv Perets,Reading Royals,ECHL,G,,,,,,27,0,0,0,2.84,0.91,EliteProspects,https://www.eliteprospects.com/league/echl/stats/2025-2026?view=goalie&tab=goalies,2026-05-13
ep-goalie-echl-isaiah-saville,Isaiah,Saville,Isaiah Saville,Greenville Swamp Rabbits,ECHL,G,,,,,,29,0,0,0,2.67,0.91,EliteProspects,https://www.eliteprospects.com/league/echl/stats/2025-2026?view=goalie&tab=goalies,2026-05-13
ep-goalie-echl-samuel-jonsson,Samuel,Jonsson,Samuel Jonsson,Fort Wayne Komets,ECHL,G,,,,,,33,0,0,0,2.38,0.91,EliteProspects,https://www.eliteprospects.com/league/echl/stats/2025-2026?view=goalie&tab=goalies,2026-05-13
ep-goalie-echl-david-tendeck,David,Tendeck,David Tendeck,Multi-Team,ECHL,G,,,,,,27,0,0,0,3.23,0.909,EliteProspects,https://www.eliteprospects.com/league/echl/stats/2025-2026?view=goalie&tab=goalies,2026-05-13
ep-goalie-echl-florida-everblades,Florida,Everblades,Florida Everblades,Florida Everblades,ECHL,G,,,,,,2,0,0,0,1.02,0.965,EliteProspects,https://www.eliteprospects.com/league/echl/stats/2025-2026?view=goalie&tab=goalies,2026-05-13
ep-goalie-echl-allen-americans,Allen,Americans,Allen Americans,Allen Americans,ECHL,G,,,,,,16,0,0,0,3.4,0.912,EliteProspects,https://www.eliteprospects.com/league/echl/stats/2025-2026?view=goalie&tab=goalies,2026-05-13
ep-goalie-echl-tulsa-oilers,Tulsa,Oilers,Tulsa Oilers,Tulsa Oilers,ECHL,G,,,,,,9,0,0,0,3.53,0.889,EliteProspects,https://www.eliteprospects.com/league/echl/stats/2025-2026?view=goalie&tab=goalies,2026-05-13
ep-goalie-echl-michael-simpson,Michael,Simpson,Michael Simpson,Savannah Ghost Pirates,ECHL,G,,,,,,10,0,0,0,2.63,0.909,EliteProspects,https://www.eliteprospects.com/league/echl/stats/2025-2026?view=goalie&tab=goalies,2026-05-13
ep-goalie-echl-thomas-gale,Thomas,Gale,Thomas Gale,Worcester Railers,ECHL,G,,,,,,13,0,0,0,2.62,0.909,EliteProspects,https://www.eliteprospects.com/league/echl/stats/2025-2026?view=goalie&tab=goalies,2026-05-13
ep-goalie-echl-aku-koskenvuo,Aku,Koskenvuo,Aku Koskenvuo,Kalamazoo Wings,ECHL,G,,,,,,22,0,0,0,3.15,0.908,EliteProspects,https://www.eliteprospects.com/league/echl/stats/2025-2026?view=goalie&tab=goalies,2026-05-13
ep-goalie-echl-vyacheslav-buteyets,Vyacheslav,Buteyets,Vyacheslav Buteyets,Tulsa Oilers,ECHL,G,,,,,,44,0,0,0,3.11,0.908,EliteProspects,https://www.eliteprospects.com/league/echl/stats/2025-2026?view=goalie&tab=goalies,2026-05-13
ep-goalie-echl-ben-kraws,Ben,Kraws,Ben Kraws,Idaho Steelheads,ECHL,G,,,,,,31,0,0,0,3.03,0.908,EliteProspects,https://www.eliteprospects.com/league/echl/stats/2025-2026?view=goalie&tab=goalies,2026-05-13
ep-goalie-echl-jeremy-brodeur,Jeremy,Brodeur,Jeremy Brodeur,Adirondack Thunder,ECHL,G,,,,,,41,0,0,0,2.69,0.908,EliteProspects,https://www.eliteprospects.com/league/echl/stats/2025-2026?view=goalie&tab=goalies,2026-05-13
ep-goalie-echl-ian-shane,Ian,Shane,Ian Shane,Multi-Team,ECHL,G,,,,,,13,0,0,0,2.53,0.908,EliteProspects,https://www.eliteprospects.com/league/echl/stats/2025-2026?view=goalie&tab=goalies,2026-05-13
ep-goalie-echl-kansas-city-mavericks,Kansas City,Mavericks,Kansas City Mavericks,Kansas City Mavericks,ECHL,G,,,,,,8,0,0,0,2.51,0.892,EliteProspects,https://www.eliteprospects.com/league/echl/stats/2025-2026?view=goalie&tab=goalies,2026-05-13
ep-goalie-echl-reading-royals,Reading,Royals,Reading Royals,Reading Royals,ECHL,G,,,,,,5,0,0,0,2.58,0.928,EliteProspects,https://www.eliteprospects.com/league/echl/stats/2025-2026?view=goalie&tab=goalies,2026-05-13
ep-goalie-echl-rico-dimatteo,Rico,DiMatteo,Rico DiMatteo,Rapid City Rush,ECHL,G,,,,,,12,0,0,0,3.96,0.907,EliteProspects,https://www.eliteprospects.com/league/echl/stats/2025-2026?view=goalie&tab=goalies,2026-05-13
ep-goalie-echl-callum-tung,Callum,Tung,Callum Tung,Bloomington Bison,ECHL,G,,,,,,19,0,0,0,3.1,0.907,EliteProspects,https://www.eliteprospects.com/league/echl/stats/2025-2026?view=goalie&tab=goalies,2026-05-13
ep-goalie-echl-luke-pavicich,Luke,Pavicich,Luke Pavicich,Multi-Team,ECHL,G,,,,,,10,0,0,0,3.02,0.907,EliteProspects,https://www.eliteprospects.com/league/echl/stats/2025-2026?view=goalie&tab=goalies,2026-05-13
ep-goalie-echl-kalamazoo-wings,Kalamazoo,Wings,Kalamazoo Wings,Kalamazoo Wings,ECHL,G,,,,,,7,0,0,0,3.34,0.902,EliteProspects,https://www.eliteprospects.com/league/echl/stats/2025-2026?view=goalie&tab=goalies,2026-05-13
ep-goalie-echl-kansas-city-mavericks,Kansas City,Mavericks,Kansas City Mavericks,Kansas City Mavericks,ECHL,G,,,,,,1,0,0,0,1.0,0.967,EliteProspects,https://www.eliteprospects.com/league/echl/stats/2025-2026?view=goalie&tab=goalies,2026-05-13
ep-goalie-echl-cincinnati-cyclones,Cincinnati,Cyclones,Cincinnati Cyclones,Cincinnati Cyclones,ECHL,G,,,,,,2,0,0,0,3.03,0.891,EliteProspects,https://www.eliteprospects.com/league/echl/stats/2025-2026?view=goalie&tab=goalies,2026-05-13
ep-goalie-echl-jonathan-lemieux,Jonathan,Lemieux,Jonathan Lemieux,Kalamazoo Wings,ECHL,G,,,,,,26,0,0,0,2.95,0.906,EliteProspects,https://www.eliteprospects.com/league/echl/stats/2025-2026?view=goalie&tab=goalies,2026-05-13
ep-goalie-echl-ken-appleby,Ken,Appleby,Ken Appleby,Cincinnati Cyclones,ECHL,G,,,,,,42,0,0,0,2.92,0.906,EliteProspects,https://www.eliteprospects.com/league/echl/stats/2025-2026?view=goalie&tab=goalies,2026-05-13
ep-goalie-echl-mitchell-weeks,Mitchell,Weeks,Mitchell Weeks,Indy Fuel,ECHL,G,,,,,,44,0,0,0,2.46,0.906,EliteProspects,https://www.eliteprospects.com/league/echl/stats/2025-2026?view=goalie&tab=goalies,2026-05-13
ep-goalie-echl-jon-gillies,Jon,Gillies,Jon Gillies,Orlando Solar Bears,ECHL,G,,,,,,34,0,0,0,2.88,0.905,EliteProspects,https://www.eliteprospects.com/league/echl/stats/2025-2026?view=goalie&tab=goalies,2026-05-13
ep-goalie-echl-isaac-poulter,Isaac,Poulter,Isaac Poulter,Norfolk Admirals,ECHL,G,,,,,,43,0,0,0,2.76,0.905,EliteProspects,https://www.eliteprospects.com/league/echl/stats/2025-2026?view=goalie&tab=goalies,2026-05-13
ep-goalie-echl-michael-bullion,Michael,Bullion,Michael Bullion,Jacksonville Icemen,ECHL,G,,,,,,26,0,0,0,2.9,0.904,EliteProspects,https://www.eliteprospects.com/league/echl/stats/2025-2026?view=goalie&tab=goalies,2026-05-13
ep-goalie-echl-ty-taylor,Ty,Taylor,Ty Taylor,South Carolina Stingrays,ECHL,G,,,,,,18,0,0,0,2.6,0.904,EliteProspects,https://www.eliteprospects.com/league/echl/stats/2025-2026?view=goalie&tab=goalies,2026-05-13
ep-goalie-echl-maxim-pavlenko,Maxim,Pavlenko,Maxim Pavlenko,Wheeling Nailers,ECHL,G,,,,,,26,0,0,0,2.67,0.903,EliteProspects,https://www.eliteprospects.com/league/echl/stats/2025-2026?view=goalie&tab=goalies,2026-05-13
ep-goalie-echl-nolan-lalonde,Nolan,Lalonde,Nolan Lalonde,Toledo Walleye,ECHL,G,,,,,,22,0,0,0,2.57,0.903,EliteProspects,https://www.eliteprospects.com/league/echl/stats/2025-2026?view=goalie&tab=goalies,2026-05-13
ep-goalie-echl-jake-sibell,Jake,Sibell,Jake Sibell,Multi-Team,ECHL,G,,,,,,10,0,0,0,3.16,0.902,EliteProspects,https://www.eliteprospects.com/league/echl/stats/2025-2026?view=goalie&tab=goalies,2026-05-13
ep-goalie-echl-greensboro-gargoyles,Greensboro,Gargoyles,Greensboro Gargoyles,Greensboro Gargoyles,ECHL,G,,,,,,1,0,0,0,7.6,0.778,EliteProspects,https://www.eliteprospects.com/league/echl/stats/2025-2026?view=goalie&tab=goalies,2026-05-13
ep-goalie-echl-tulsa-oilers,Tulsa,Oilers,Tulsa Oilers,Tulsa Oilers,ECHL,G,,,,,,9,0,0,0,2.41,0.925,EliteProspects,https://www.eliteprospects.com/league/echl/stats/2025-2026?view=goalie&tab=goalies,2026-05-13
ep-goalie-echl-hunter-miska,Hunter,Miska,Hunter Miska,Utah Grizzlies,ECHL,G,,,,,,16,0,0,0,2.98,0.902,EliteProspects,https://www.eliteprospects.com/league/echl/stats/2025-2026?view=goalie&tab=goalies,2026-05-13
ep-goalie-echl-jordan-papirny,Jordan,Papirny,Jordan Papirny,Tahoe Knight Monsters,ECHL,G,,,,,,37,0,0,0,3.66,0.901,EliteProspects,https://www.eliteprospects.com/league/echl/stats/2025-2026?view=goalie&tab=goalies,2026-05-13
ep-goalie-echl-carter-gylander,Carter,Gylander,Carter Gylander,Toledo Walleye,ECHL,G,,,,,,34,0,0,0,2.78,0.901,EliteProspects,https://www.eliteprospects.com/league/echl/stats/2025-2026?view=goalie&tab=goalies,2026-05-13
ep-goalie-echl-roddy-ross,Roddy,Ross,Roddy Ross,Wichita Thunder,ECHL,G,,,,,,40,0,0,0,3.34,0.9,EliteProspects,https://www.eliteprospects.com/league/echl/stats/2025-2026?view=goalie&tab=goalies,2026-05-13
ep-goalie-echl-cameron-rowe,Cameron,Rowe,Cameron Rowe,Jacksonville Icemen,ECHL,G,,,,,,31,0,0,0,3.04,0.9,EliteProspects,https://www.eliteprospects.com/league/echl/stats/2025-2026?view=goalie&tab=goalies,2026-05-13
ep-goalie-echl-tyler-brennan,Tyler,Brennan,Tyler Brennan,Adirondack Thunder,ECHL,G,,,,,,28,0,0,0,2.96,0.898,EliteProspects,https://www.eliteprospects.com/league/echl/stats/2025-2026?view=goalie&tab=goalies,2026-05-13
ep-goalie-echl-noah-giesbrecht,Noah,Giesbrecht,Noah Giesbrecht,Multi-Team,ECHL,G,,,,,,11,0,0,0,2.86,0.898,EliteProspects,https://www.eliteprospects.com/league/echl/stats/2025-2026?view=goalie&tab=goalies,2026-05-13
ep-goalie-echl-tulsa-oilers,Tulsa,Oilers,Tulsa Oilers,Tulsa Oilers,ECHL,G,,,,,,2,0,0,0,4.11,0.886,EliteProspects,https://www.eliteprospects.com/league/echl/stats/2025-2026?view=goalie&tab=goalies,2026-05-13
ep-goalie-echl-savannah-ghost-pirates,Savannah Ghost,Pirates,Savannah Ghost Pirates,Savannah Ghost Pirates,ECHL,G,,,,,,9,0,0,0,2.55,0.902,EliteProspects,https://www.eliteprospects.com/league/echl/stats/2025-2026?view=goalie&tab=goalies,2026-05-13
ep-goalie-echl-ben-gaudreau,Ben,Gaudreau,Ben Gaudreau,Trois-Rivières Lions,ECHL,G,,,,,,29,0,0,0,2.92,0.897,EliteProspects,https://www.eliteprospects.com/league/echl/stats/2025-2026?view=goalie&tab=goalies,2026-05-13
ep-goalie-echl-ty-young,Ty,Young,Ty Young,Kalamazoo Wings,ECHL,G,,,,,,13,0,0,0,3.26,0.896,EliteProspects,https://www.eliteprospects.com/league/echl/stats/2025-2026?view=goalie&tab=goalies,2026-05-13
ep-goalie-echl-hugo-ollas,Hugo,Ollas,Hugo Ollas,Bloomington Bison,ECHL,G,,,,,,18,0,0,0,3.01,0.896,EliteProspects,https://www.eliteprospects.com/league/echl/stats/2025-2026?view=goalie&tab=goalies,2026-05-13
ep-goalie-echl-nathan-torchia,Nathan,Torchia,Nathan Torchia,Rapid City Rush,ECHL,G,,,,,,10,0,0,0,4.12,0.894,EliteProspects,https://www.eliteprospects.com/league/echl/stats/2025-2026?view=goalie&tab=goalies,2026-05-13
ep-goalie-echl-ruslan-khazheyev,Ruslan,Khazheyev,Ruslan Khazheyev,Greensboro Gargoyles,ECHL,G,,,,,,41,0,0,0,3.52,0.894,EliteProspects,https://www.eliteprospects.com/league/echl/stats/2025-2026?view=goalie&tab=goalies,2026-05-13
ep-goalie-echl-nathaniel-day,Nathaniel,Day,Nathaniel Day,Fort Wayne Komets,ECHL,G,,,,,,39,0,0,0,2.76,0.893,EliteProspects,https://www.eliteprospects.com/league/echl/stats/2025-2026?view=goalie&tab=goalies,2026-05-13
ep-goalie-echl-william-rousseau,William,Rousseau,William Rousseau,Iowa Heartlanders,ECHL,G,,,,,,27,0,0,0,3.29,0.892,EliteProspects,https://www.eliteprospects.com/league/echl/stats/2025-2026?view=goalie&tab=goalies,2026-05-13
ep-goalie-echl-riley-mercer,Riley,Mercer,Riley Mercer,Iowa Heartlanders,ECHL,G,,,,,,40,0,0,0,3.22,0.892,EliteProspects,https://www.eliteprospects.com/league/echl/stats/2025-2026?view=goalie&tab=goalies,2026-05-13
ep-goalie-echl-dylan-wells,Dylan,Wells,Dylan Wells,Multi-Team,ECHL,G,,,,,,34,0,0,0,3.37,0.89,EliteProspects,https://www.eliteprospects.com/league/echl/stats/2025-2026?view=goalie&tab=goalies,2026-05-13
ep-goalie-echl-utah-grizzlies,Utah,Grizzlies,Utah Grizzlies,Utah Grizzlies,ECHL,G,,,,,,22,0,0,0,4.24,0.874,EliteProspects,https://www.eliteprospects.com/league/echl/stats/2025-2026?view=goalie&tab=goalies,2026-05-13
ep-goalie-echl-kansas-city-mavericks,Kansas City,Mavericks,Kansas City Mavericks,Kansas City Mavericks,ECHL,G,,,,,,12,0,0,0,1.85,0.928,EliteProspects,https://www.eliteprospects.com/league/echl/stats/2025-2026?view=goalie&tab=goalies,2026-05-13
ep-goalie-echl-owen-flores,Owen,Flores,Owen Flores,Indy Fuel,ECHL,G,,,,,,25,0,0,0,2.74,0.89,EliteProspects,https://www.eliteprospects.com/league/echl/stats/2025-2026?view=goalie&tab=goalies,2026-05-13
ep-goalie-echl-harrison-meneghin,Harrison,Meneghin,Harrison Meneghin,Orlando Solar Bears,ECHL,G,,,,,,14,0,0,0,3.26,0.889,EliteProspects,https://www.eliteprospects.com/league/echl/stats/2025-2026?view=goalie&tab=goalies,2026-05-13
ep-goalie-echl-tomas-suchanek,Tomas,Suchanek,Tomas Suchanek,Tulsa Oilers,ECHL,G,,,,,,12,0,0,0,4.27,0.884,EliteProspects,https://www.eliteprospects.com/league/echl/stats/2025-2026?view=goalie&tab=goalies,2026-05-13
ep-goalie-echl-tommy-scarfone,Tommy,Scarfone,Tommy Scarfone,Cincinnati Cyclones,ECHL,G,,,,,,18,0,0,0,3.59,0.883,EliteProspects,https://www.eliteprospects.com/league/echl/stats/2025-2026?view=goalie&tab=goalies,2026-05-13
ep-goalie-echl-kasimir-kaskisuo,Kasimir,Kaskisuo,Kasimir Kaskisuo,Utah Grizzlies,ECHL,G,,,,,,1,0,0,0,0.0,1.0,EliteProspects,https://www.eliteprospects.com/league/echl/stats/2025-2026?view=goalie&tab=goalies,2026-05-13
ep-goalie-echl-carter-mcphail,Carter,McPhail,Carter McPhail,Multi-Team,ECHL,G,,,,,,1,0,0,0,0.0,1.0,EliteProspects,https://www.eliteprospects.com/league/echl/stats/2025-2026?view=goalie&tab=goalies,2026-05-13
ep-goalie-echl-greenville-swamp-rabbits,Greenville Swamp,Rabbits,Greenville Swamp Rabbits,Greenville Swamp Rabbits,ECHL,G,,,,,,1,0,0,0,0.0,1.0,EliteProspects,https://www.eliteprospects.com/league/echl/stats/2025-2026?view=goalie&tab=goalies,2026-05-13
ep-goalie-echl-atlanta-gladiators,Atlanta,Gladiators,Atlanta Gladiators,Atlanta Gladiators,ECHL,G,,,,,,0,0,0,0,0.0,0.0,EliteProspects,https://www.eliteprospects.com/league/echl/stats/2025-2026?view=goalie&tab=goalies,2026-05-13
ep-goalie-echl-anson-thornton,Anson,Thornton,Anson Thornton,Utah Grizzlies,ECHL,G,,,,,,1,0,0,0,1.52,0.97,EliteProspects,https://www.eliteprospects.com/league/echl/stats/2025-2026?view=goalie&tab=goalies,2026-05-13
ep-goalie-echl-francesco-lapenna,Francesco,Lapenna,Francesco Lapenna,Trois-Rivières Lions,ECHL,G,,,,,,6,0,0,0,1.33,0.959,EliteProspects,https://www.eliteprospects.com/league/echl/stats/2025-2026?view=goalie&tab=goalies,2026-05-13
ep-goalie-echl-brett-mirwald,Brett,Mirwald,Brett Mirwald,Allen Americans,ECHL,G,,,,,,7,0,0,0,1.58,0.95,EliteProspects,https://www.eliteprospects.com/league/echl/stats/2025-2026?view=goalie&tab=goalies,2026-05-13
ep-goalie-echl-jacob-smith,Jacob,Smith,Jacob Smith,Wheeling Nailers,ECHL,G,,,,,,8,0,0,0,1.72,0.943,EliteProspects,https://www.eliteprospects.com/league/echl/stats/2025-2026?view=goalie&tab=goalies,2026-05-13
ep-goalie-echl-ryan-ouellette,Ryan,Ouellette,Ryan Ouellette,Indy Fuel,ECHL,G,,,,,,5,0,0,0,1.61,0.936,EliteProspects,https://www.eliteprospects.com/league/echl/stats/2025-2026?view=goalie&tab=goalies,2026-05-13
ep-goalie-echl-alexander-tracy,Alexander,Tracy,Alexander Tracy,Tahoe Knight Monsters,ECHL,G,,,,,,4,0,0,0,2.49,0.935,EliteProspects,https://www.eliteprospects.com/league/echl/stats/2025-2026?view=goalie&tab=goalies,2026-05-13
ep-goalie-echl-garin-bjorklund,Garin,Bjorklund,Garin Bjorklund,South Carolina Stingrays,ECHL,G,,,,,,8,0,0,0,2.05,0.935,EliteProspects,https://www.eliteprospects.com/league/echl/stats/2025-2026?view=goalie&tab=goalies,2026-05-13
ep-goalie-echl-jakub-málek,Jakub,Málek,Jakub Málek,Adirondack Thunder,ECHL,G,,,,,,2,0,0,0,1.91,0.93,EliteProspects,https://www.eliteprospects.com/league/echl/stats/2025-2026?view=goalie&tab=goalies,2026-05-13
ep-goalie-echl-henrik-tikkanen,Henrik,Tikkanen,Henrik Tikkanen,Worcester Railers,ECHL,G,,,,,,8,0,0,0,2.03,0.929,EliteProspects,https://www.eliteprospects.com/league/echl/stats/2025-2026?view=goalie&tab=goalies,2026-05-13
ep-goalie-echl-jesper-vikman,Jesper,Vikman,Jesper Vikman,South Carolina Stingrays,ECHL,G,,,,,,1,0,0,0,1.75,0.929,EliteProspects,https://www.eliteprospects.com/league/echl/stats/2025-2026?view=goalie&tab=goalies,2026-05-13
ep-goalie-echl-gabriel-carriere,Gabriel,Carriere,Gabriel Carriere,Wichita Thunder,ECHL,G,,,,,,4,0,0,0,3.02,0.925,EliteProspects,https://www.eliteprospects.com/league/echl/stats/2025-2026?view=goalie&tab=goalies,2026-05-13
ep-goalie-echl-gabriel-d'aigle,Gabriel,D'Aigle,Gabriel D'Aigle,Wheeling Nailers,ECHL,G,,,,,,3,0,0,0,2.63,0.925,EliteProspects,https://www.eliteprospects.com/league/echl/stats/2025-2026?view=goalie&tab=goalies,2026-05-13
ep-goalie-echl-zane-mcintyre,Zane,McIntyre,Zane McIntyre,Tahoe Knight Monsters,ECHL,G,,,,,,5,0,0,0,2.64,0.921,EliteProspects,https://www.eliteprospects.com/league/echl/stats/2025-2026?view=goalie&tab=goalies,2026-05-13
ep-goalie-echl-william-lavallière,William,Lavallière,William Lavallière,Multi-Team,ECHL,G,,,,,,7,0,0,0,2.17,0.921,EliteProspects,https://www.eliteprospects.com/league/echl/stats/2025-2026?view=goalie&tab=goalies,2026-05-13
ep-goalie-echl-trois-rivières-lions,Trois-Rivières,Lions,Trois-Rivières Lions,Trois-Rivières Lions,ECHL,G,,,,,,5,0,0,0,1.79,0.934,EliteProspects,https://www.eliteprospects.com/league/echl/stats/2025-2026?view=goalie&tab=goalies,2026-05-13
ep-goalie-echl-worcester-railers,Worcester,Railers,Worcester Railers,Worcester Railers,ECHL,G,,,,,,2,0,0,0,3.28,0.886,EliteProspects,https://www.eliteprospects.com/league/echl/stats/2025-2026?view=goalie&tab=goalies,2026-05-13
ep-goalie-echl-colby-muise,Colby,Muise,Colby Muise,Multi-Team,ECHL,G,,,,,,8,0,0,0,2.38,0.919,EliteProspects,https://www.eliteprospects.com/league/echl/stats/2025-2026?view=goalie&tab=goalies,2026-05-13
ep-goalie-echl-orlando-solar-bears,Orlando Solar,Bears,Orlando Solar Bears,Orlando Solar Bears,ECHL,G,,,,,,8,0,0,0,2.38,0.919,EliteProspects,https://www.eliteprospects.com/league/echl/stats/2025-2026?view=goalie&tab=goalies,2026-05-13
ep-goalie-echl-atlanta-gladiators,Atlanta,Gladiators,Atlanta Gladiators,Atlanta Gladiators,ECHL,G,,,,,,0,0,0,0,0.0,0.0,EliteProspects,https://www.eliteprospects.com/league/echl/stats/2025-2026?view=goalie&tab=goalies,2026-05-13
ep-goalie-echl-kirill-gerasimyuk,Kirill,Gerasimyuk,Kirill Gerasimyuk,Savannah Ghost Pirates,ECHL,G,,,,,,7,0,0,0,2.22,0.918,EliteProspects,https://www.eliteprospects.com/league/echl/stats/2025-2026?view=goalie&tab=goalies,2026-05-13
ep-goalie-echl-jack-bostedt,Jack,Bostedt,Jack Bostedt,Multi-Team,ECHL,G,,,,,,3,0,0,0,2.86,0.909,EliteProspects,https://www.eliteprospects.com/league/echl/stats/2025-2026?view=goalie&tab=goalies,2026-05-13
ep-goalie-echl-rapid-city-rush,Rapid City,Rush,Rapid City Rush,Rapid City Rush,ECHL,G,,,,,,1,0,0,0,3.07,0.925,EliteProspects,https://www.eliteprospects.com/league/echl/stats/2025-2026?view=goalie&tab=goalies,2026-05-13
ep-goalie-echl-tahoe-knight-monsters,Tahoe Knight,Monsters,Tahoe Knight Monsters,Tahoe Knight Monsters,ECHL,G,,,,,,2,0,0,0,2.39,0.75,EliteProspects,https://www.eliteprospects.com/league/echl/stats/2025-2026?view=goalie&tab=goalies,2026-05-13
ep-goalie-echl-simon-latkoczy,Simon,Latkoczy,Simon Latkoczy,Greenville Swamp Rabbits,ECHL,G,,,,,,4,0,0,0,2.26,0.904,EliteProspects,https://www.eliteprospects.com/league/echl/stats/2025-2026?view=goalie&tab=goalies,2026-05-13
ep-goalie-echl-jacob-mucitelli,Jacob,Mucitelli,Jacob Mucitelli,Multi-Team,ECHL,G,,,,,,5,0,0,0,2.85,0.901,EliteProspects,https://www.eliteprospects.com/league/echl/stats/2025-2026?view=goalie&tab=goalies,2026-05-13
ep-goalie-echl-wheeling-nailers,Wheeling,Nailers,Wheeling Nailers,Wheeling Nailers,ECHL,G,,,,,,0,0,0,0,0.0,0.0,EliteProspects,https://www.eliteprospects.com/league/echl/stats/2025-2026?view=goalie&tab=goalies,2026-05-13
ep-goalie-echl-tahoe-knight-monsters,Tahoe Knight,Monsters,Tahoe Knight Monsters,Tahoe Knight Monsters,ECHL,G,,,,,,2,0,0,0,8.36,0.733,EliteProspects,https://www.eliteprospects.com/league/echl/stats/2025-2026?view=goalie&tab=goalies,2026-05-13
ep-goalie-echl-utah-grizzlies,Utah,Grizzlies,Utah Grizzlies,Utah Grizzlies,ECHL,G,,,,,,3,0,0,0,1.98,0.93,EliteProspects,https://www.eliteprospects.com/league/echl/stats/2025-2026?view=goalie&tab=goalies,2026-05-13
ep-goalie-echl-liam-soulière,Liam,Soulière,Liam Soulière,Toledo Walleye,ECHL,G,,,,,,4,0,0,0,2.22,0.9,EliteProspects,https://www.eliteprospects.com/league/echl/stats/2025-2026?view=goalie&tab=goalies,2026-05-13
ep-goalie-echl-chase-wutzke,Chase,Wutzke,Chase Wutzke,Iowa Heartlanders,ECHL,G,,,,,,6,0,0,0,2.98,0.898,EliteProspects,https://www.eliteprospects.com/league/echl/stats/2025-2026?view=goalie&tab=goalies,2026-05-13
ep-goalie-echl-billy-girard,Billy,Girard,Billy Girard,Maine Mariners,ECHL,G,,,,,,2,0,0,0,2.5,0.891,EliteProspects,https://www.eliteprospects.com/league/echl/stats/2025-2026?view=goalie&tab=goalies,2026-05-13
ep-goalie-echl-kaidan-mbereko,Kaidan,Mbereko,Kaidan Mbereko,Cincinnati Cyclones,ECHL,G,,,,,,4,0,0,0,3.19,0.889,EliteProspects,https://www.eliteprospects.com/league/echl/stats/2025-2026?view=goalie&tab=goalies,2026-05-13
ep-goalie-echl-connor-hasley,Connor,Hasley,Connor Hasley,Wichita Thunder,ECHL,G,,,,,,4,0,0,0,3.54,0.888,EliteProspects,https://www.eliteprospects.com/league/echl/stats/2025-2026?view=goalie&tab=goalies,2026-05-13
ep-goalie-echl-samuel-hlavaj,Samuel,Hlavaj,Samuel Hlavaj,Iowa Heartlanders,ECHL,G,,,,,,1,0,0,0,4.14,0.886,EliteProspects,https://www.eliteprospects.com/league/echl/stats/2025-2026?view=goalie&tab=goalies,2026-05-13
